{"epoch": 200, "loss": 0.39024966955184937, "_timestamp": 1685181942.8702471, "_runtime": 110.9706220626831, "_step": 200, "_wandb": {"runtime": 110}}