{"epoch": 200, "loss": 0.3912052512168884, "_timestamp": 1685180281.1744525, "_runtime": 118.30658745765686, "_step": 200, "_wandb": {"runtime": 118}}