{"epoch": 99, "loss": 0.5708843469619751, "_timestamp": 1685072305.4781818, "_runtime": 87.37006974220276, "_step": 100, "_wandb": {"runtime": 87}}