{"epoch": 100, "loss": 0.6180524230003357, "_timestamp": 1685179643.9952412, "_runtime": 74.80264210700989, "_step": 100, "_wandb": {"runtime": 74}}