{"epoch": 24, "loss": 0.6548919677734375, "_timestamp": 1685181687.4607725, "_runtime": 54.64108657836914, "_step": 24}