{"epoch": 50, "loss": 0.8706993460655212, "_timestamp": 1685179852.040603, "_runtime": 56.663702964782715, "_step": 50, "_wandb": {"runtime": 56}}