{"epoch": 20, "loss": 0.7236393094062805, "_timestamp": 1685073371.9694417, "_runtime": 48.5690176486969, "_step": 20, "_wandb": {"runtime": 48}}