{"epoch": 10, "loss": 0.8145695328712463, "_timestamp": 1685179445.3964026, "_runtime": 44.77225852012634, "_step": 10, "_wandb": {"runtime": 44}}