{"epoch": 200, "loss": 0.41959884762763977, "_timestamp": 1685195168.11456, "_runtime": 9.5294349193573, "_step": 200, "_wandb": {"runtime": 9}}