{"epoch": 83, "loss": 0.5055153965950012, "_timestamp": 1685179344.671118, "_runtime": 68.97229504585266, "_step": 83}