{"epoch": 150, "loss": 0.48925983905792236, "_timestamp": 1685180107.8563526, "_runtime": 99.7111005783081, "_step": 150, "_wandb": {"runtime": 99}}