{"epoch": 20, "loss": 0.8539459109306335, "_timestamp": 1685073141.8376932, "_runtime": 46.30147123336792, "_step": 20, "_wandb": {"runtime": 45}}