{"epoch": 200, "loss": 0.42266708612442017, "_timestamp": 1685195037.7695155, "_runtime": 9.579840421676636, "_step": 200, "_wandb": {"runtime": 9}}