{"epoch": 100, "loss": 0.5520212054252625, "_timestamp": 1685179244.3258789, "_runtime": 94.91357684135437, "_step": 100, "_wandb": {"runtime": 94}}